distcode,distname,schcode,schname,total,G01,G02,G03,G04,G05,G06,G07,G08,G09,G10,G11,G12,KF,KG,PF,PK,NATIVE,ASIAN,BLACK,HISPANIC,MULTIRACE,PACIFICISLANDER,WHITE,FEMALE,OTHER,MALE,FRL,LEP,IEP,VOCED
01,Barrington,01103,Primrose Hill School,329,59,77,82,0,0,0,0,0,0,0,0,0,52,0,0,59,,27,,31,29,,235,172,,157,54,,66,
01,Barrington,01104,Nayatt School,356,94,83,86,0,0,0,0,0,0,0,0,0,93,0,0,0,,24,,29,33,,265,191,,165,23,14,38,
01,Barrington,01105,Hampden Meadows School,471,0,0,0,258,213,0,0,0,0,0,0,0,0,0,0,0,,38,,24,36,,365,246,,225,60,11,41,
01,Barrington,01106,Barrington High School,1098,0,0,0,0,0,0,0,0,278,249,256,315,0,0,0,0,,100,18,72,69,,838,543,,555,139,19,123,84
01,Barrington,01108,Barrington Middle School,763,0,0,0,0,0,249,250,264,0,0,0,0,0,0,0,0,,55,15,60,45,,588,372,,391,91,18,89,
01,Barrington,01109,Sowams Elementary School,250,66,62,74,0,0,0,0,0,0,0,0,0,48,0,0,0,,24,,19,18,,187,126,,124,22,,41,
01,Barrington,01190,Barrington Public Schools,27,3,0,5,1,3,1,0,3,3,1,3,4,0,0,0,0,,,,,,,21,,,21,,,27,
03,Burrillville,03101,Burrillville Early Learning Center,37,0,0,0,0,0,0,0,0,0,0,0,0,0,0,0,37,,,,,,,30,15,,22,14,,19,
03,Burrillville,03104,Burrillville Middle School,469,0,0,0,0,0,164,145,160,0,0,0,0,0,0,0,0,,,,33,15,,409,236,,232,205,,107,
03,Burrillville,03105,Steere Farm Elementary School,268,0,66,64,65,73,0,0,0,0,0,0,0,0,0,0,0,,,,18,,,243,120,,148,95,,56,
03,Burrillville,03107,William L. Callahan School,310,0,74,81,73,82,0,0,0,0,0,0,0,0,0,0,0,,,,23,,,271,145,,165,154,,72,
03,Burrillville,03108,Austin T. Levy School,254,133,0,0,0,0,0,0,0,0,0,0,0,121,0,0,0,,,,25,,,213,129,,125,121,,48,
03,Burrillville,03109,Burrillville High School,634,0,0,0,0,0,0,0,0,161,159,163,151,0,0,0,0,,,,33,22,,564,282,,347,236,,103,264
03,Burrillville,03190,Burrillville Public Schools,21,0,1,0,2,0,2,3,0,1,1,0,11,0,0,0,0,,,,,,,19,,,13,,,20,
04,Central Falls,04101,Ella Risk School,414,74,66,67,67,79,0,0,0,0,0,0,0,61,0,0,0,31,,61,204,26,,86,192,,215,373,215,99,
04,Central Falls,04104,Capt. G. Harold Hunt School,162,0,0,0,0,0,0,0,0,0,0,0,0,0,0,162,0,,,20,130,,,,82,,77,139,,78,
04,Central Falls,04106,Veterans Memorial Elementary,406,69,70,71,70,66,0,0,0,0,0,0,0,60,0,0,0,40,,63,204,14,,83,194,,203,383,241,92,
04,Central Falls,04108,Central Falls Senior High School,788,0,0,0,0,0,0,0,0,175,211,212,190,0,0,0,0,52,,139,406,25,,161,365,,416,748,454,101,243
04,Central Falls,04112,Raices Dual Language Academy at Margaret I. Robert,206,37,42,35,30,27,0,0,0,0,0,0,0,35,0,0,0,16,,14,152,,,20,102,,103,199,139,36,
04,Central Falls,04115,Dr. Earl F. Calcutt Middle School,476,0,0,0,0,0,148,163,165,0,0,0,0,0,0,0,0,35,,98,200,23,,114,223,,248,444,233,78,
04,Central Falls,04118,Raices Upper Dual Language Academy,63,0,0,0,0,0,22,24,17,0,0,0,0,0,0,0,0,,,,50,,,,35,,28,62,37,,
04,Central Falls,04190,Central Falls Schools,45,1,3,2,1,0,1,1,1,4,3,3,22,3,0,0,0,,,10,22,,,10,10,,33,41,15,34,
06,Coventry,06104,Alan Shawn Feinstein Middle School Of Coventry,944,0,0,0,0,0,288,322,334,0,0,0,0,0,0,0,0,,31,13,68,21,,808,448,,496,348,10,151,
06,Coventry,06109,Western Coventry School,298,45,46,55,56,50,0,0,0,0,0,0,0,46,0,0,0,,,,17,10,,268,135,,163,93,,57,
06,Coventry,06112,Hopkins Hill School,323,42,46,69,50,59,0,0,0,0,0,0,0,57,0,0,0,,,,37,16,,258,167,,156,153,,73,
06,Coventry,06116,Tiogue School,328,52,66,47,71,44,0,0,0,0,0,0,0,48,0,0,0,,,,39,25,,253,145,,183,149,,72,
06,Coventry,06117,Blackrock School,322,38,54,51,49,44,0,0,0,0,0,0,0,46,0,40,0,,,,46,19,,243,158,,164,178,,57,
06,Coventry,06119,Coventry High School,1201,0,0,0,0,0,0,0,0,332,290,282,297,0,0,0,0,,23,31,90,34,,1015,586,,615,451,12,197,526
06,Coventry,06121,Washington Oak School,594,72,92,94,65,86,0,0,0,0,0,0,0,86,0,46,53,,10,,45,26,,508,313,,281,152,,118,
06,Coventry,06190,Coventry Public Schools,46,0,2,0,0,2,0,1,1,5,6,7,22,0,0,0,0,,,,,,,39,14,,32,29,,36,
07,Cranston,07103,Oak Lawn School,247,32,51,43,43,39,0,0,0,0,0,0,0,39,0,0,0,,14,,33,14,,184,138,,109,39,,15,
07,Cranston,07104,Cranston Early Learning Center,49,0,0,0,0,0,0,0,0,0,0,0,0,0,0,0,49,,,,25,,,15,25,,24,16,,26,
07,Cranston,07113,Cranston High School East,1525,0,0,0,0,0,0,0,0,348,387,372,418,0,0,0,0,21,176,111,800,94,,318,724,,798,1127,316,232,168
07,Cranston,07115,Hugh B. Bain Middle School,527,0,0,0,0,0,161,180,186,0,0,0,0,0,0,0,0,13,53,31,331,19,,76,253,,273,465,155,86,
07,Cranston,07116,William R. Dutemple School,254,43,34,49,47,34,0,0,0,0,0,0,0,47,0,0,0,,21,21,128,21,,60,115,,139,179,49,14,
07,Cranston,07117,Edward S. Rhodes School,287,46,45,46,57,47,0,0,0,0,0,0,0,46,0,0,0,,18,17,87,27,,135,149,,138,132,16,50,
07,Cranston,07118,Eden Park School,243,32,40,35,44,51,0,0,0,0,0,0,0,41,0,0,0,,20,16,102,20,,84,124,,119,162,25,29,
07,Cranston,07119,Gladstone Street School,402,56,70,68,73,75,0,0,0,0,0,0,0,60,0,0,0,,28,24,298,23,,27,211,,191,356,187,53,
07,Cranston,07120,Stadium School,227,28,39,36,50,36,0,0,0,0,0,0,0,38,0,0,0,,33,11,110,18,,54,115,,112,176,37,47,
07,Cranston,07121,Woodridge School,260,40,36,48,57,44,0,0,0,0,0,0,0,35,0,0,0,,29,,80,18,,122,122,,138,112,14,50,
07,Cranston,07122,Garden City School,530,81,95,97,83,97,0,0,0,0,0,0,0,77,0,0,0,,56,22,174,32,,242,263,,267,282,95,70,
07,Cranston,07123,Park View Middle School,711,0,0,0,0,0,239,236,236,0,0,0,0,0,0,0,0,,75,45,280,57,,248,355,,355,468,45,102,
07,Cranston,07124,George J. Peters School,244,35,35,51,45,41,0,0,0,0,0,0,0,37,0,0,0,,12,10,94,22,,105,118,,125,152,24,46,
07,Cranston,07125,Arlington School,209,23,24,26,24,39,0,0,0,0,0,0,0,25,0,48,0,,15,11,128,22,,32,103,,106,162,36,41,
07,Cranston,07126,Cranston High School West,1653,0,0,0,0,0,0,0,0,381,411,448,413,0,0,0,0,,113,58,362,70,,1040,834,,817,598,44,219,840
07,Cranston,07127,Stone Hill School,234,34,44,39,48,39,0,0,0,0,0,0,0,30,0,0,0,,22,10,61,12,,127,111,,123,109,18,53,
07,Cranston,07128,Glen Hills School,270,46,38,42,43,43,0,0,0,0,0,0,0,43,0,0,15,,18,,52,15,,174,134,,136,90,,56,
07,Cranston,07129,Western Hills Middle School,727,0,0,0,0,0,244,240,243,0,0,0,0,0,0,0,0,,60,31,173,53,,401,391,,335,344,23,96,
07,Cranston,07130,Edgewood Highland School,276,40,42,39,47,37,0,0,0,0,0,0,0,42,0,17,12,,11,15,136,18,,91,131,,145,186,57,44,
07,Cranston,07135,Apprenticeship Exploration School,176,0,0,0,0,0,0,0,0,35,46,45,50,0,0,0,0,,,10,89,11,,61,40,,136,146,40,51,115
07,Cranston,07136,Orchard Farms Elementary School,444,62,57,83,72,78,0,0,0,0,0,0,0,69,0,0,23,,16,,69,28,,320,223,,221,73,,64,
07,Cranston,07137,Hope Highlands Middle School,366,0,0,0,0,0,135,104,127,0,0,0,0,0,0,0,0,,25,,48,15,,268,199,,166,71,,40,
07,Cranston,07190,Cranston Public Schools,176,1,8,10,11,7,6,11,9,6,8,9,88,1,0,0,1,,13,11,51,13,,88,59,,117,105,,124,
08,Cumberland,08107,B.F. Norton Elementary School,374,78,62,57,68,48,0,0,0,0,0,0,0,61,0,0,0,,16,30,98,20,,208,172,,202,198,66,58,
08,Cumberland,08108,Garvin Memorial School,422,71,69,71,70,71,0,0,0,0,0,0,0,70,0,0,0,,27,10,67,17,,301,197,,225,101,27,82,
08,Cumberland,08109,Community School,545,88,91,100,90,111,0,0,0,0,0,0,0,65,0,0,0,,37,11,24,30,,443,282,,263,49,,48,
08,Cumberland,08110,John J. McLaughlin Cumberland Hill School,413,66,71,68,75,74,0,0,0,0,0,0,0,59,0,0,0,,47,,57,22,,279,196,,217,92,37,87,
08,Cumberland,08112,Ashton School,429,83,79,76,76,50,0,0,0,0,0,0,0,65,0,0,0,,61,21,43,26,,278,195,,234,77,25,65,
08,Cumberland,08114,Cumberland High School,1428,0,0,0,0,0,0,0,0,401,360,306,361,0,0,0,0,,55,59,243,62,,1009,639,,789,434,64,219,202
08,Cumberland,08115,Joseph L. McCourt Middle School,482,0,0,0,0,0,152,165,165,0,0,0,0,0,0,0,0,,12,33,122,25,,290,262,,220,215,48,76,
08,Cumberland,08116,North Cumberland Middle School,643,0,0,0,0,0,215,211,217,0,0,0,0,0,0,0,0,,61,24,50,26,,482,325,,318,89,17,107,
08,Cumberland,08121,Cumberland Preschool Center,109,0,0,0,0,0,0,0,0,0,0,0,0,0,0,6,103,,16,,19,,,63,51,,58,29,,47,
08,Cumberland,08190,Cumberland Public Schools,36,0,0,1,0,2,2,0,0,1,7,8,15,0,0,0,0,,,,,,,26,10,,26,21,,21,
09,East Greenwich,09102,James H. Eldredge El. School,307,0,0,98,104,105,0,0,0,0,0,0,0,0,0,0,0,,20,,27,14,,244,149,,158,30,,34,
09,East Greenwich,09103,Archie R. Cole Middle School,597,0,0,0,0,0,181,209,207,0,0,0,0,0,0,0,0,,62,,41,28,,455,280,,317,84,13,60,
09,East Greenwich,09105,Frenchtown School,273,88,103,0,0,0,0,0,0,0,0,0,0,82,0,0,0,,17,,26,24,,204,137,,136,35,,46,
09,East Greenwich,09106,East Greenwich High School,742,0,0,0,0,0,0,0,0,181,216,168,177,0,0,0,0,,64,12,59,44,,561,372,,370,92,10,66,95
09,East Greenwich,09107,Meadowbrook Farms School,281,68,98,0,0,0,0,0,0,0,0,0,0,81,0,0,34,,29,,22,,,216,140,,141,30,10,54,
09,East Greenwich,09108,George Hanaford School,276,0,0,96,101,79,0,0,0,0,0,0,0,0,0,0,0,,29,,14,11,,214,137,,139,25,,52,
09,East Greenwich,09190,E. Greenwich Public Schools,14,0,1,0,0,0,2,0,1,1,0,1,8,0,0,0,0,,,,,,,10,,,10,,,13,
10,East Providence,10106,James R. D. Oldham School,210,0,0,0,0,0,0,0,0,0,0,0,0,0,0,152,58,,,29,21,15,,134,93,,117,101,,79,
10,East Providence,10109,Edward R. Martin Middle School,564,0,0,0,0,0,166,195,203,0,0,0,0,0,0,0,0,,,77,102,66,,305,287,,277,310,24,86,
10,East Providence,10112,East Providence High School,1691,0,0,0,0,0,0,0,0,443,421,468,359,0,0,0,0,15,19,217,281,171,,987,835,,856,892,120,258,542
10,East Providence,10113,Kent Heights School,251,52,44,41,28,39,0,0,0,0,0,0,0,47,0,0,0,,,32,74,27,,112,120,,131,141,31,54,
10,East Providence,10114,Alice M. Waddington School,554,77,102,100,83,89,0,0,0,0,0,0,0,103,0,0,0,,11,33,65,54,,391,275,,279,265,12,97,
10,East Providence,10116,Agnes B. Hennessey School,242,43,41,49,40,41,0,0,0,0,0,0,0,28,0,0,0,,,37,55,27,,120,121,,121,160,31,57,
10,East Providence,10117,Emma G. Whiteknact School,216,32,48,37,39,30,0,0,0,0,0,0,0,30,0,0,0,,,36,60,21,,96,107,,109,149,,71,
10,East Providence,10122,Riverside Middle School,549,0,0,0,0,0,178,180,191,0,0,0,0,0,0,0,0,,10,51,90,58,,336,242,,307,318,35,121,
10,East Providence,10123,Silver Spring School,223,49,40,39,29,38,0,0,0,0,0,0,0,28,0,0,0,,19,34,35,27,,108,102,,121,123,27,53,
10,East Providence,10124,Orlo Avenue School,245,35,44,50,34,40,0,0,0,0,0,0,0,42,0,0,0,,,45,59,25,,108,120,,125,158,20,59,
10,East Providence,10125,Myron J. Francis Elementary School,391,63,68,60,67,68,0,0,0,0,0,0,0,65,0,0,0,,,24,48,33,,281,191,,200,140,,64,
10,East Providence,10190,E. Providence School Department,89,4,2,4,3,8,3,7,2,6,10,8,29,2,0,0,1,,,,13,,,59,27,,62,43,,77,
12,Foster,12101,Captain Isaac Paine Elementary School,241,41,28,32,37,42,0,0,0,0,0,0,0,43,0,0,18,,,,,,,229,119,,122,61,,40,
13,Glocester,13103,Fogarty Memorial School,318,42,42,62,52,62,0,0,0,0,0,0,0,58,0,0,0,,,,20,,,288,143,,175,56,,47,
13,Glocester,13104,West Glocester Elementary,243,41,34,39,39,48,0,0,0,0,0,0,0,37,0,0,5,,,,,13,,220,115,,128,69,,37,
13,Glocester,13190,Glocester Public Schools,2,1,0,0,0,1,0,0,0,0,0,0,0,0,0,0,0,,,,,,,,,,,,,,
15,Jamestown,15101,Jamestown School-Lawn,189,0,0,0,0,41,50,53,45,0,0,0,0,0,0,0,0,,,,,,,176,81,,108,22,,27,
15,Jamestown,15102,Jamestown School-Melrose,207,33,31,46,41,0,0,0,0,0,0,0,0,32,0,0,24,,,,,10,,187,95,,112,20,,28,
15,Jamestown,15190,Jamestown Public Schools,10,1,0,0,1,1,1,0,1,1,1,0,3,0,0,0,0,,,,,,,10,,,,,,10,
16,Johnston,16103,Thornton School,340,72,72,74,62,60,0,0,0,0,0,0,0,0,0,0,0,,14,30,157,10,,129,173,,167,234,66,68,
16,Johnston,16106,Brown Avenue School,251,68,41,43,45,54,0,0,0,0,0,0,0,0,0,0,0,,,,61,,,167,118,,133,108,15,57,
16,Johnston,16108,Sarah Dyer Barnes School,266,47,41,48,54,47,0,0,0,0,0,0,0,29,0,0,0,,,22,69,,,160,117,,149,136,23,78,
16,Johnston,16109,Winsor Hill School,380,81,74,64,90,71,0,0,0,0,0,0,0,0,0,0,0,,14,35,123,10,,195,179,,201,230,43,61,
16,Johnston,16110,Graniteville School,152,0,0,0,0,0,0,0,0,0,0,0,0,0,0,0,152,,,11,52,,,77,69,,83,56,,77,
16,Johnston,16111,Nicholas A. Ferri Middle School,720,0,0,0,0,0,253,250,217,0,0,0,0,0,0,0,0,,31,52,250,20,,365,339,,381,426,56,142,
16,Johnston,16112,Johnston Senior High School,826,0,0,0,0,0,0,0,0,216,220,197,193,0,0,0,0,,27,55,275,13,,451,390,,436,460,86,169,26
16,Johnston,16114,Early Childhood Center,201,0,0,0,0,0,0,0,0,0,0,0,0,201,0,0,0,,,17,67,13,,95,99,,102,106,30,41,
16,Johnston,16190,Johnston Public Schools,55,0,2,0,3,1,3,4,2,5,3,7,23,1,0,0,1,,,,13,,,39,20,,35,29,,53,
17,Lincoln,17106,Lonsdale Elementary School,286,39,44,49,55,56,0,0,0,0,0,0,0,43,0,0,0,,15,22,34,15,,199,159,,127,96,14,63,
17,Lincoln,17109,Lincoln Central Elementary School,416,60,65,73,80,81,0,0,0,0,0,0,0,57,0,0,0,,27,10,30,,,342,199,,217,53,10,43,
17,Lincoln,17110,Lincoln Senior High School,973,0,0,0,0,0,0,0,0,255,231,241,246,0,0,0,0,,30,52,116,41,,726,449,,524,326,22,142,147
17,Lincoln,17112,Saylesville Elementary School,312,41,57,55,59,53,0,0,0,0,0,0,0,47,0,0,0,,18,20,45,13,,214,148,,164,110,13,66,
17,Lincoln,17113,Northern Lincoln Elementary School,495,65,57,71,66,78,0,0,0,0,0,0,0,46,0,0,112,,31,45,58,17,,340,232,,263,229,22,162,
17,Lincoln,17117,Lincoln Middle School,773,0,0,0,0,0,247,258,268,0,0,0,0,0,0,0,0,,26,56,114,30,,540,388,,385,296,21,130,
17,Lincoln,17190,Lincoln Public Schools,23,0,1,0,0,1,3,3,0,1,1,3,10,0,0,0,0,,,,,,,11,,,20,17,,20,
18,Little Compton,18101,Wilbur and McMahon Schools,216,28,16,19,27,22,22,20,28,0,0,0,0,21,0,0,13,,,11,10,,,194,108,,108,39,,41,
18,Little Compton,18190,Little Compton Schools,2,0,0,0,0,1,0,0,0,0,0,1,0,0,0,0,0,,,,,,,,,,,,,,
19,Middletown,19106,Aquidneck School,302,60,72,76,0,0,0,0,0,0,0,0,0,58,0,0,36,,15,15,58,19,,193,132,,170,85,43,65,
19,Middletown,19107,Forest Avenue School,304,69,78,77,0,0,0,0,0,0,0,0,0,80,0,0,0,,12,26,75,22,,167,135,,169,109,26,71,
19,Middletown,19111,Middletown High School,523,0,0,0,0,0,0,0,0,119,145,118,141,0,0,0,0,,23,27,76,45,,347,267,,256,174,32,81,129
19,Middletown,19114,Gaudet Middle School,431,0,0,0,0,0,138,138,155,0,0,0,0,0,0,0,0,,18,25,80,40,,262,211,,220,172,32,72,
19,Middletown,19117,Gaudet Learning Academy,259,0,0,0,120,139,0,0,0,0,0,0,0,0,0,0,0,,,11,59,26,,153,120,,139,105,38,64,
19,Middletown,19190,Middletown Public Schools,41,2,2,1,6,1,3,1,3,6,3,1,12,0,0,0,0,,,,,,,24,,,33,25,,40,
20,Narragansett,20102,Narragansett Elementary School,331,56,43,58,59,0,0,0,0,0,0,0,0,33,0,82,0,,,,16,33,,270,154,,177,88,,67,
20,Narragansett,20103,Narragansett Pier School,263,0,0,0,0,64,57,65,77,0,0,0,0,0,0,0,0,,,,15,20,,219,132,,131,79,,31,
20,Narragansett,20104,Narragansett High School,372,0,0,0,0,0,0,0,0,85,91,94,102,0,0,0,0,,,,20,15,,330,171,,201,89,,53,116
20,Narragansett,20190,Narragansett Public Schools,11,1,0,0,0,1,0,1,0,1,0,1,6,0,0,0,0,,,,,,,,,,,,,10,
21,Newport,21106,Frank E. Thompson Middle School,499,0,0,0,0,143,111,128,117,0,0,0,0,0,0,0,0,11,,51,223,65,,141,218,,281,388,99,129,
21,Newport,21107,Claiborne Pell Elementary School,657,137,137,115,126,0,0,0,0,0,0,0,0,110,0,0,32,19,,62,281,76,,214,329,,328,488,147,176,
21,Newport,21111,Rogers High School,599,0,0,0,0,0,0,0,0,147,149,147,156,0,0,0,0,12,,54,231,82,,212,266,,333,415,120,93,235
21,Newport,21190,Newport Public Schools,40,0,0,2,3,3,2,4,2,5,4,4,11,0,0,0,0,,,,16,,,,12,,28,36,,33,
22,New Shoreham,22101,Block Island School,126,1,13,15,8,13,9,6,12,11,9,13,11,5,0,0,0,,,,37,,,84,66,,60,50,14,26,
23,North Kingstown,23105,Wickford Middle School,339,0,0,0,0,0,108,103,128,0,0,0,0,0,0,0,0,,,,28,14,,283,174,,165,84,,47,
23,North Kingstown,23108,North Kingstown Senior High School,1278,0,0,0,0,0,0,0,0,328,303,316,331,0,0,0,0,,31,22,96,82,,1041,630,,648,288,18,139,337
23,North Kingstown,23109,Fishing Cove Elementary School,346,47,38,35,52,50,0,0,0,0,0,0,0,37,0,0,87,,15,,39,25,,256,162,,184,108,12,92,
23,North Kingstown,23110,Forest Park Elementary School,264,52,48,50,38,41,0,0,0,0,0,0,0,35,0,0,0,,,,14,16,,223,114,,150,65,,46,
23,North Kingstown,23111,Hamilton Elementary School,447,83,71,85,73,78,0,0,0,0,0,0,0,57,0,0,0,,11,,21,31,,380,201,,246,49,,61,
23,North Kingstown,23112,Davisville Middle School,477,0,0,0,0,0,175,151,151,0,0,0,0,0,0,0,0,,10,22,51,22,,366,245,,232,176,12,80,
23,North Kingstown,23113,Suzanne M. Henseler Quidnessett Elementary School,212,34,37,36,38,37,0,0,0,0,0,0,0,30,0,0,0,,,18,45,22,,120,110,,102,138,14,52,
23,North Kingstown,23114,Stony Lane Elementary School,385,52,67,54,58,74,0,0,0,0,0,0,0,80,0,0,0,,10,,19,14,,337,188,,197,70,,51,
23,North Kingstown,23190,N. Kingstown Public Schools,38,0,0,1,0,0,2,2,0,4,3,6,20,0,0,0,0,,,,,,,31,12,,26,20,,25,
24,North Providence,24105,North Providence High School,1085,0,0,0,0,0,0,0,0,263,282,279,261,0,0,0,0,,48,167,318,65,,482,536,,549,569,139,132,264
24,North Providence,24106,Stephen Olney School,388,69,64,64,77,56,0,0,0,0,0,0,0,58,0,0,0,,23,41,100,18,,205,164,,224,184,41,78,
24,North Providence,24107,James L. McGuire School,384,79,64,67,63,62,0,0,0,0,0,0,0,49,0,0,0,,11,59,119,19,,174,195,,189,187,45,86,
24,North Providence,24108,Dr. Joseph A Whelan Elementary School,252,47,26,47,49,50,0,0,0,0,0,0,0,33,0,0,0,,,39,66,23,,112,122,,130,148,50,50,
24,North Providence,24109,Centredale School,221,38,33,39,30,33,0,0,0,0,0,0,0,32,0,16,0,,,43,56,16,,100,113,,108,134,24,47,
24,North Providence,24110,Greystone School,303,38,39,45,35,46,0,0,0,0,0,0,0,35,0,0,65,,19,41,93,22,,128,145,,158,128,28,81,
24,North Providence,24111,Dr. Edward A. Ricci Middle School,378,0,0,0,0,0,117,137,124,0,0,0,0,0,0,0,0,,,52,111,27,,180,187,,191,227,47,57,
24,North Providence,24112,Birchwood Middle School,390,0,0,0,0,0,134,128,128,0,0,0,0,0,0,0,0,,14,55,106,29,,184,187,,203,220,45,70,
24,North Providence,24190,North Providence Public Schools,87,5,4,4,1,3,4,7,9,3,10,10,26,0,0,1,0,,,13,17,,,47,24,,63,52,,64,
25,North Smithfield,25108,North Smithfield High School,532,0,0,0,0,0,0,0,0,122,135,133,142,0,0,0,0,,11,16,68,19,,418,264,,268,132,,66,64
25,North Smithfield,25109,North Smithfield Middle School,502,0,0,0,0,122,122,136,122,0,0,0,0,0,0,0,0,,10,,57,25,,404,240,,262,130,11,75,
25,North Smithfield,25110,North Smithfield Elementary School,583,129,100,130,102,0,0,0,0,0,0,0,0,79,0,0,43,,13,10,62,36,,461,268,,315,143,31,111,
25,North Smithfield,25190,N. Smithfield Schools,20,0,0,0,0,2,1,0,2,2,3,3,7,0,0,0,0,,,,,,,15,,,13,11,,16,
26,Pawtucket,26103,Joseph Jenks Middle School,697,0,0,0,0,0,237,226,234,0,0,0,0,0,0,0,0,,,213,283,46,,145,329,44,324,561,184,126,
26,Pawtucket,26105,William E Tolman Senior High School,995,0,0,0,0,0,0,0,0,192,250,286,267,0,0,0,0,,,274,401,58,,240,413,67,515,709,271,195,201
26,Pawtucket,26106,Samuel Slater Middle School,590,0,0,0,0,0,195,200,195,0,0,0,0,0,0,0,0,,,261,188,32,,99,266,33,291,513,188,98,
26,Pawtucket,26107,Lyman B. Goff Middle School,637,0,0,0,0,0,208,216,213,0,0,0,0,0,0,0,0,,,133,214,39,,244,288,39,310,455,77,112,
26,Pawtucket,26109,Jacqueline M. Walsh School for the Performing and ,173,0,0,0,0,0,0,0,0,41,49,50,33,0,0,0,0,,,14,68,,,80,130,14,29,78,,13,111
26,Pawtucket,26110,Potter-Burns School,430,61,74,80,87,58,0,0,0,0,0,0,0,70,0,0,0,,,69,150,42,,164,179,50,201,282,61,97,
26,Pawtucket,26111,Nathanael Greene School,397,68,56,66,59,69,0,0,0,0,0,0,0,46,0,29,4,,,124,172,22,,69,175,37,185,295,97,90,
26,Pawtucket,26113,Fallon Memorial School,520,63,72,71,76,69,0,0,0,0,0,0,0,74,0,95,0,,,108,234,31,,140,205,73,242,383,76,131,
26,Pawtucket,26115,Flora S. Curtis Memorial School,331,38,36,40,41,35,0,0,0,0,0,0,0,35,0,0,106,,,64,122,25,,110,129,59,143,173,28,88,
26,Pawtucket,26116,Curvin-McCabe School,353,60,46,64,52,45,0,0,0,0,0,0,0,56,0,30,0,,,85,152,23,,84,139,48,166,262,70,101,
26,Pawtucket,26118,Charles E. Shea High School,770,0,0,0,0,0,0,0,0,150,177,181,262,0,0,0,0,,,300,280,49,,127,318,32,420,626,277,139,171
26,Pawtucket,26119,Henry J. Winters School,550,86,86,93,88,93,0,0,0,0,0,0,0,69,0,35,0,,,198,246,32,,61,244,84,222,474,165,107,
26,Pawtucket,26120,Elizabeth Baldwin School,320,54,45,59,47,59,0,0,0,0,0,0,0,56,0,0,0,,,137,122,11,,37,135,45,140,273,118,49,
26,Pawtucket,26121,M. Virginia Cunningham School,355,57,64,68,52,67,0,0,0,0,0,0,0,47,0,0,0,,,134,154,19,,38,146,40,169,331,115,57,
26,Pawtucket,26122,Agnes E. Little School,320,52,45,58,42,65,0,0,0,0,0,0,0,58,0,0,0,,,93,125,35,,64,127,43,150,269,61,69,
26,Pawtucket,26125,Francis J. Varieur School,270,43,42,40,30,42,0,0,0,0,0,0,0,37,0,36,0,,,67,101,17,,75,114,34,122,212,44,52,
26,Pawtucket,26190,Pawtucket Public Schools,108,3,3,3,7,5,3,4,3,10,14,8,45,0,0,0,0,,,28,29,,,46,29,,75,67,,95,
27,Portsmouth,27104,Howard Hathaway School,409,82,94,81,77,0,0,0,0,0,0,0,0,75,0,0,0,,,,39,36,,322,199,,210,98,13,73,
27,Portsmouth,27106,Portsmouth High School,785,0,0,0,0,0,0,0,0,214,181,203,187,0,0,0,0,,17,15,62,31,,655,372,,407,149,11,112,238
27,Portsmouth,27111,Melville Elementary School,316,66,59,60,58,0,0,0,0,0,0,0,0,50,0,0,23,,,,34,26,,242,148,,168,50,11,61,
27,Portsmouth,27112,Portsmouth Middle School,604,0,0,0,0,141,152,155,156,0,0,0,0,0,0,0,0,,19,10,44,35,,494,300,,304,126,,99,
27,Portsmouth,27190,Portsmouth Public Schools,20,2,1,0,1,1,1,0,2,2,1,3,6,0,0,0,0,,,,,,,15,,,13,10,,18,
28,Providence,28103,Leviton Dual Language School,288,53,50,40,48,47,0,0,0,0,0,0,0,50,0,0,0,,,,261,,,14,143,,145,248,169,29,
28,Providence,28113,Dr. Jorge Alvarez High School,447,0,0,0,0,0,0,0,0,110,111,143,83,0,0,0,0,,16,60,329,18,,16,251,,196,356,222,42,77
28,Providence,28115,Asa Messer Elementary School,557,98,95,104,77,0,0,0,0,0,0,0,0,106,0,5,72,,27,76,391,19,,38,286,,271,468,236,110,
28,Providence,28119,Bridge Academy,117,0,0,0,0,0,0,0,0,0,50,48,19,0,0,0,0,,,,107,,,,27,,90,76,117,,
28,Providence,28121,Alfred Lima Sr. Elementary School,662,126,130,99,101,108,0,0,0,0,0,0,0,98,0,0,0,,20,58,526,13,,32,336,,324,599,392,106,
28,Providence,28127,Webster Avenue School,308,52,50,52,52,55,0,0,0,0,0,0,0,47,0,0,0,,,18,253,,,24,149,,159,258,179,59,
28,Providence,28130,Veazie Street School,440,89,50,83,64,71,0,0,0,0,0,0,0,57,0,0,26,,,100,268,24,,39,226,,213,373,112,105,
28,Providence,28134,Frank D. Spaziano Elementary School,588,103,83,75,86,91,0,0,0,0,0,0,0,92,0,12,46,,,23,507,,,36,263,,325,505,350,81,
28,Providence,28135,George J. West Elementary School,502,64,65,93,93,118,0,0,0,0,0,0,0,69,0,0,0,,,79,345,32,,35,227,,275,469,223,103,
28,Providence,28137,Esek Hopkins Middle School,398,0,0,0,0,0,151,129,118,0,0,0,0,0,0,0,0,,12,71,266,21,,19,185,,213,354,159,64,
28,Providence,28138,Robert F. Kennedy Elementary School,451,73,72,78,73,77,0,0,0,0,0,0,0,78,0,0,0,,11,77,259,30,,69,241,,209,313,158,65,
28,Providence,28139,Central High School,1050,0,0,0,0,0,0,0,0,205,267,302,276,0,0,0,0,,42,127,803,26,,36,475,,573,868,571,115,43
28,Providence,28142,Reservoir Avenue School,289,47,49,52,45,48,0,0,0,0,0,0,0,48,0,0,0,,31,32,203,,,13,158,,131,260,131,30,
28,Providence,28143,Nathan Bishop Middle School,719,0,0,0,0,0,274,243,202,0,0,0,0,0,0,0,0,,29,112,432,33,,108,343,,374,576,227,155,
28,Providence,28145,Nathanael Greene Middle School,815,0,0,0,0,0,294,259,262,0,0,0,0,0,0,0,0,,40,136,540,36,,56,399,,416,734,265,143,
28,Providence,28147,Roger Williams Middle School,786,0,0,0,0,0,257,283,246,0,0,0,0,0,0,0,0,10,18,140,546,29,,41,375,,410,706,376,135,
28,Providence,28149,Hope High School,775,0,0,0,0,0,0,0,0,187,171,215,202,0,0,0,0,,24,123,534,28,,60,372,,402,659,368,146,60
28,Providence,28150,Mount Pleasant High School,997,0,0,0,0,0,0,0,0,209,233,271,284,0,0,0,0,12,38,138,722,39,,47,385,,610,895,497,175,89
28,Providence,28151,Vartan Gregorian Elementary School,311,54,56,50,48,53,0,0,0,0,0,0,0,50,0,0,0,,16,39,71,38,,145,137,,168,131,45,75,
28,Providence,28153,William D'Abate Elementary School,398,51,76,75,77,68,0,0,0,0,0,0,0,51,0,0,0,,,38,313,15,,24,193,,202,353,196,69,
28,Providence,28156,Robert L Bailey IV Elementary School,444,73,74,78,76,72,0,0,0,0,0,0,0,71,0,0,0,,10,95,282,24,,26,192,,252,395,176,129,
28,Providence,28157,Lillian Feinstein Elementary Sackett Street,429,78,72,82,61,63,0,0,0,0,0,0,0,73,0,0,0,,15,47,316,15,,32,204,,225,367,239,79,
28,Providence,28160,Mary E. Fogarty Elementary School,430,78,60,82,70,81,0,0,0,0,0,0,0,53,0,6,0,,17,82,275,15,,33,230,,200,387,219,89,
28,Providence,28161,Harry Kizirian Elementary School,434,43,65,83,82,72,0,0,0,0,0,0,0,56,0,33,0,,21,87,248,34,,38,218,,216,388,137,54,
28,Providence,28162,The Sgt. Cornel Young Jr & Charlotte Woods Element,635,72,75,115,87,108,0,0,0,0,0,0,0,69,0,54,55,,14,96,465,12,,38,308,,326,529,298,130,
28,Providence,28163,"Dr. Martin Luther King, Jr. Elementary School",430,75,50,43,48,60,0,0,0,0,0,0,0,56,0,1,97,,24,81,215,26,,77,191,,234,329,104,97,
28,Providence,28164,Classical High School,1116,0,0,0,0,0,0,0,0,277,294,281,264,0,0,0,0,,95,176,560,52,,228,602,10,504,680,25,,
28,Providence,28165,Pleasant View School,433,55,50,49,52,45,0,0,0,0,0,0,0,56,0,63,63,,14,61,288,23,,41,190,,243,348,92,199,
28,Providence,28181,Anthony Carnevale Elementary School,519,87,84,86,74,71,0,0,0,0,0,0,0,93,0,0,24,,18,63,374,21,,38,234,,284,437,223,180,
28,Providence,28182,Governor Christopher DelSesto Middle School,818,0,0,0,0,0,254,231,333,0,0,0,0,0,0,0,0,,30,92,603,31,,51,386,,428,718,389,148,
28,Providence,28187,E-Cubed Academy,338,0,0,0,0,0,0,0,0,83,85,86,84,0,0,0,0,,10,78,206,15,,26,139,,196,285,118,70,177
28,Providence,28189,"William B. Cooley, Sr. High School and the Provide",685,0,0,0,0,0,0,0,0,166,187,184,148,0,0,0,0,,,86,526,19,,36,318,,367,568,363,103,51
28,Providence,28190,Providence Public Schools,434,25,40,30,23,22,22,21,37,25,24,26,122,11,0,4,2,,10,86,240,38,,54,97,,337,329,105,393,
28,Providence,28193,Providence Career and Technical Academy,759,0,0,0,0,0,0,0,0,214,199,196,150,0,0,0,0,,23,83,584,21,,44,296,,460,659,281,119,517
28,Providence,28194,West Broadway Middle School,516,0,0,0,0,99,133,141,143,0,0,0,0,0,0,0,0,,21,47,402,12,,32,250,,266,462,227,84,
28,Providence,28197,Times2 Elementary School,322,56,52,52,54,54,0,0,0,0,0,0,0,54,0,0,0,,,78,196,11,,27,165,,157,275,67,47,
28,Providence,28198,Times2 Middle/High School,383,0,0,0,0,0,66,63,67,54,40,50,43,0,0,0,0,,,95,249,,,20,206,,177,291,59,33,
28,Providence,28199,Aventure Academy,227,0,0,0,0,0,0,0,0,17,35,70,105,0,0,0,0,,,55,130,15,,18,83,,144,194,71,112,14
30,Scituate,30102,Hope Elementary School,163,21,34,27,27,35,0,0,0,0,0,0,0,19,0,0,0,,,,,,,158,69,,94,42,,30,
30,Scituate,30103,Clayville Elementary School,140,23,13,23,23,23,0,0,0,0,0,0,0,22,0,0,13,,,,,,,128,58,,82,31,,35,
30,Scituate,30104,Scituate High School,387,0,0,0,0,0,0,0,0,98,99,86,104,0,0,0,0,,,,11,,,369,189,,198,91,,59,140
30,Scituate,30105,Scituate Middle School,260,0,0,0,0,0,84,82,94,0,0,0,0,0,0,0,0,,,,10,,,242,135,,125,57,,40,
30,Scituate,30106,North Scituate Elementary School,238,37,39,37,44,43,0,0,0,0,0,0,0,38,0,0,0,,,,,,,234,117,,121,59,,35,
30,Scituate,30190,Scituate Public Schools,6,0,0,0,0,1,0,1,1,1,0,0,2,0,0,0,0,,,,,,,,,,,,,,
31,Smithfield,31104,Old County Road School,228,29,47,43,36,37,0,0,0,0,0,0,0,36,0,0,0,,,,27,18,,176,111,,117,79,,36,
31,Smithfield,31106,Pleasant View Elementary School,552,93,97,92,99,94,0,0,0,0,0,0,0,77,0,0,0,,16,,45,29,,456,256,,296,77,,73,
31,Smithfield,31107,Smithfield Senior High School,729,0,0,0,0,0,0,0,0,180,152,183,214,0,0,0,0,,,22,80,34,,588,338,,391,148,,107,80
31,Smithfield,31108,Raymond C. LaPerche School,337,40,51,51,48,43,0,0,0,0,0,0,0,45,0,59,0,,,,26,18,,282,167,,170,62,,76,
31,Smithfield,31109,Vincent J. Gallagher Middle School,502,0,0,0,0,0,160,152,190,0,0,0,0,0,0,0,0,,10,,52,17,,417,234,,268,104,,78,
31,Smithfield,31190,Smithfield Public Schools,13,0,0,2,0,1,1,1,0,0,3,4,1,0,0,0,0,,,,,,,10,,,,,,10,
32,South Kingstown,32107,Peace Dale Elementary School,412,47,60,73,50,65,0,0,0,0,0,0,0,59,0,33,25,12,11,11,40,27,,311,200,,212,155,,90,
32,South Kingstown,32108,South Kingstown High School,688,0,0,0,0,0,0,0,0,166,182,173,167,0,0,0,0,16,10,,43,45,,565,338,,349,177,11,69,184
32,South Kingstown,32112,West Kingston Elementary School,313,46,62,50,57,53,0,0,0,0,0,0,0,45,0,0,0,,,,21,11,,261,143,,170,67,13,39,
32,South Kingstown,32113,Matunuck School,246,30,49,40,40,52,0,0,0,0,0,0,0,35,0,0,0,,,,24,20,,196,107,,139,61,,46,
32,South Kingstown,32114,Broad Rock Middle School,554,0,0,0,0,0,199,168,187,0,0,0,0,0,0,0,0,14,16,13,35,35,,441,280,,274,159,13,67,
32,South Kingstown,32190,S. Kingstown Public Schools,40,1,1,0,4,2,1,0,1,1,4,1,23,1,0,0,0,,,,,,,28,12,,28,18,,33,
33,Tiverton,33105,Walter E. Ranger School,212,30,45,47,43,0,0,0,0,0,0,0,0,36,0,0,11,,,,19,,,180,85,,127,57,,40,
33,Tiverton,33106,Fort Barton School,133,24,25,41,25,0,0,0,0,0,0,0,0,18,0,0,0,,,,,,,117,61,,72,32,,26,
33,Tiverton,33107,Pocasset School,210,42,38,28,43,0,0,0,0,0,0,0,0,40,0,0,19,,,,26,14,,165,106,,104,89,,49,
33,Tiverton,33108,Tiverton High School,430,0,0,0,0,0,0,0,0,90,103,101,136,0,0,0,0,,,,21,15,,383,211,,219,151,,67,124
33,Tiverton,33110,Tiverton Middle School,499,0,0,0,0,122,111,127,139,0,0,0,0,0,0,0,0,,,,30,24,,426,253,,246,173,,85,
33,Tiverton,33190,Tiverton Public Schools,36,0,1,5,2,3,1,2,5,6,2,2,6,1,0,0,0,,,,,,,25,,,28,21,,34,
35,Warwick,35101,Norwood School,265,43,40,50,49,46,0,0,0,0,0,0,0,37,0,0,0,,18,,59,25,,154,125,,140,170,31,66,
35,Warwick,35104,Oakland Beach Elementary School,326,50,51,46,53,48,0,0,0,0,0,0,0,62,0,0,16,,16,16,83,26,,180,174,,152,200,28,89,
35,Warwick,35114,Greenwood School,255,37,43,38,53,47,0,0,0,0,0,0,0,37,0,0,0,,24,,41,12,,169,145,,110,88,20,22,
35,Warwick,35119,Wyman School,262,44,53,44,37,41,0,0,0,0,0,0,0,43,0,0,0,,,,49,23,,178,131,,131,119,,26,
35,Warwick,35121,E. G. Robertson School,259,40,38,40,50,49,0,0,0,0,0,0,0,42,0,0,0,,11,13,44,22,,169,139,,120,127,22,35,
35,Warwick,35123,Lippitt School,223,32,38,37,44,35,0,0,0,0,0,0,0,37,0,0,0,,,10,41,13,,153,116,,107,129,,69,
35,Warwick,35127,Sherman School,324,60,52,48,63,58,0,0,0,0,0,0,0,43,0,0,0,,10,10,45,27,,230,152,,172,155,,61,
35,Warwick,35128,Holliman School,280,49,45,53,46,43,0,0,0,0,0,0,0,44,0,0,0,,,18,56,15,,181,131,,149,143,19,47,
35,Warwick,35131,Cedar Hill School,299,44,48,60,53,53,0,0,0,0,0,0,0,41,0,0,0,,13,,34,32,,213,121,,178,79,15,88,
35,Warwick,35132,Park School,225,38,25,42,44,39,0,0,0,0,0,0,0,37,0,0,0,,,,35,15,,168,109,,116,112,,62,
35,Warwick,35133,Warwick Neck School,290,44,50,53,50,48,0,0,0,0,0,0,0,45,0,0,0,,,,56,23,,203,153,,137,133,10,50,
35,Warwick,35134,Pilgrim High School,1137,0,0,0,0,0,0,0,0,275,298,284,280,0,0,0,0,11,51,48,190,76,,761,546,,591,525,30,146,81
35,Warwick,35135,Harold F. Scott School,189,41,36,33,32,28,0,0,0,0,0,0,0,19,0,0,0,,,,41,18,,113,85,,104,94,11,23,
35,Warwick,35136,Cottrell F. Hoxsie School,278,48,50,38,47,48,0,0,0,0,0,0,0,47,0,0,0,,,10,48,21,,193,132,,146,154,,58,
35,Warwick,35137,Warwick Early Learning Center at John Brown Franci,207,0,0,0,0,0,0,0,0,0,0,0,0,0,0,0,207,,,,42,15,,133,71,,136,82,,120,
35,Warwick,35138,Toll Gate High School,1104,0,0,0,0,0,0,0,0,279,276,296,253,0,0,0,0,,41,35,150,43,,827,490,,614,507,32,231,217
35,Warwick,35139,Winman Middle School,706,0,0,0,0,0,220,240,246,0,0,0,0,0,0,0,0,,28,25,97,35,,516,361,,345,303,18,114,
35,Warwick,35142,Warwick Veterans Middle School,1059,0,0,0,0,0,355,353,351,0,0,0,0,0,0,0,0,,41,41,174,73,,725,523,,536,530,25,191,
35,Warwick,35190,Warwick Public Schools,165,3,4,6,5,6,10,11,10,13,17,20,59,0,0,0,1,,,,26,,,121,50,,115,93,,120,
36,Westerly,36103,Westerly Middle School,639,0,0,0,0,155,154,167,163,0,0,0,0,0,0,0,0,,15,11,69,49,,490,312,,327,280,21,106,
36,Westerly,36104,Westerly High School,650,0,0,0,0,0,0,0,0,164,167,170,149,0,0,0,0,,18,10,62,41,,509,331,,319,250,17,78,211
36,Westerly,36106,State Street School,212,41,44,46,44,0,0,0,0,0,0,0,0,37,0,0,0,,,,18,22,,164,105,,107,98,,50,
36,Westerly,36109,Dunn's Corners School,264,53,51,68,47,0,0,0,0,0,0,0,0,45,0,0,0,,,,12,18,,227,123,,141,89,,57,
36,Westerly,36111,Springbrook Elementary School,243,45,47,54,54,0,0,0,0,0,0,0,0,43,0,0,0,,12,,36,22,,171,127,,116,151,27,52,
36,Westerly,36113,Westerly Inclusion Preschool Program - Babcock Hal,87,0,0,0,0,0,0,0,0,0,0,0,0,0,0,0,87,,,,13,12,,57,44,,43,34,,41,
36,Westerly,36190,Westerly Public Schools,44,0,1,0,2,3,1,1,4,5,5,8,13,1,0,0,0,,,,,,,33,11,,33,35,,34,
38,West Warwick,38104,John F. Horgan Elementary School,475,101,88,113,85,0,0,0,0,0,0,0,0,88,0,0,0,,,12,131,35,,289,234,,241,333,31,86,
38,West Warwick,38105,Maisie E. Quinn Elementary School,91,0,0,0,0,0,0,0,0,0,0,0,0,0,0,0,91,,,10,13,,,58,31,,60,51,,64,
38,West Warwick,38106,West Warwick Senior High School,1081,0,0,0,0,0,0,0,0,258,272,265,286,0,0,0,0,17,23,75,229,48,,687,506,,572,606,66,271,276
38,West Warwick,38107,John F. Deering Middle School,976,0,0,0,0,242,239,235,260,0,0,0,0,0,0,0,0,11,17,68,231,54,,594,460,,515,614,46,236,
38,West Warwick,38109,Greenbush Elementary School,427,85,81,103,78,0,0,0,0,0,0,0,0,80,0,0,0,,13,17,88,31,,277,214,,213,218,15,97,
38,West Warwick,38111,Wakefield Hills Elementary School,373,72,72,97,68,0,0,0,0,0,0,0,0,64,0,0,0,,,12,85,34,,238,176,,197,237,16,113,
38,West Warwick,38190,W. Warwick Public Schools,46,0,2,3,1,0,1,4,0,4,5,6,20,0,0,0,0,,,,12,,,31,13,,32,31,,31,
39,Woonsocket,39101,Harris School,371,51,64,57,64,78,0,0,0,0,0,0,0,57,0,0,0,,,59,86,24,,184,191,,180,262,97,98,
39,Woonsocket,39118,Bernon Heights School,405,58,65,69,75,74,0,0,0,0,0,0,0,64,0,0,0,,13,57,89,33,,210,183,,222,259,48,85,
39,Woonsocket,39119,Globe Park School,519,91,84,86,85,90,0,0,0,0,0,0,0,82,0,0,1,,10,69,143,41,,254,242,,277,363,143,178,
39,Woonsocket,39120,Leo A. Savoie School,380,59,56,77,63,75,0,0,0,0,0,0,0,50,0,0,0,,14,36,91,29,,207,181,,199,237,68,91,
39,Woonsocket,39123,Woonsocket High School,1646,0,0,0,0,0,0,0,0,460,417,362,407,0,0,0,0,,85,238,535,112,,667,809,,837,1103,315,391,373
39,Woonsocket,39128,Kevin K. Coleman Elementary School,256,40,44,47,41,45,0,0,0,0,0,0,0,39,0,0,0,,,34,52,11,,148,123,,133,172,104,54,
39,Woonsocket,39131,Woonsocket Middle School at Hamlet,537,0,0,0,0,0,188,176,173,0,0,0,0,0,0,0,0,,26,72,176,51,,204,253,,284,392,,173,
39,Woonsocket,39132,Woonsocket Middle School at Villa Nova,542,0,0,0,0,0,197,163,182,0,0,0,0,0,0,0,0,,26,62,183,35,,232,280,,262,370,180,125,
39,Woonsocket,39133,Pothier-Citizens Elementary Campus,669,94,128,94,82,93,0,0,0,0,0,0,0,100,0,0,78,,22,64,216,31,,331,314,,355,441,149,238,
39,Woonsocket,39190,Woonsocket Public Schools,216,2,1,1,10,5,11,12,7,15,31,43,78,0,0,0,0,,,18,64,21,,104,68,,148,153,,136,
40,Davies Career and Tech,17701,Wm. M. Davies Jr. Career-Technical  High School,898,0,0,0,0,0,0,0,0,234,229,222,213,0,0,0,0,,10,162,393,50,,281,403,,493,529,71,77,412
41,Achievement First Rhode Island,28609,Achievement First Providence Mayoral Academy,460,92,93,95,94,0,0,0,0,0,0,0,0,86,0,0,0,,,68,353,10,,21,223,,237,382,151,46,
41,Achievement First Rhode Island,28614,Achievement First Iluminar Mayoral Academy,465,95,92,93,92,0,0,0,0,0,0,0,0,93,0,0,0,,,67,349,15,,22,258,,207,365,212,38,
41,Achievement First Rhode Island,28615,AF Providence Mayoral Academy Middle,405,0,0,0,0,96,104,99,106,0,0,0,0,0,0,0,0,,,79,294,,,16,200,,205,348,100,43,
41,Achievement First Rhode Island,41190,Achievement First Admin School,9,0,0,1,1,1,1,1,2,0,1,1,0,0,0,0,0,,,,,,,,,,,,,,
41,Achievement First Rhode Island,41604,AF Iluminar Mayoral Academy Middle School,406,0,0,0,0,99,98,101,108,0,0,0,0,0,0,0,0,,,82,288,16,,13,197,,209,328,114,36,
41,Achievement First Rhode Island,41605,Achievement First Promesa Elementary,548,87,94,93,93,88,0,0,0,0,0,0,0,93,0,0,0,,15,76,407,23,,24,285,,263,459,179,65,
41,Achievement First Rhode Island,41606,Achievement First Providence High School,458,0,0,0,0,0,0,0,0,152,158,80,68,0,0,0,0,,,85,350,11,,,238,,220,377,95,36,
41,Achievement First Rhode Island,41607,Achievement First Envision Elementary,458,95,94,92,90,0,0,0,0,0,0,0,0,87,0,0,0,,,96,334,13,,,251,,207,377,197,44,
42,Sheila Skip Nowell Leadership Academy,28610,Sheila Skip Nowell Leadership Academy,187,0,0,0,0,0,0,0,0,54,44,36,53,0,0,0,0,,,29,126,,,21,122,,64,186,73,16,18
43,SouthSide Charter School,28611,SouthSide Elementary Charter School,135,25,26,25,25,12,0,0,0,0,0,0,0,22,0,0,0,,,43,82,,,,57,,78,109,39,17,
43,SouthSide Charter School,43190,SouthSide Admin School,1,1,0,0,0,0,0,0,0,0,0,0,0,0,0,0,0,,,,,,,,,,,,,,
46,Segue Institute for Learning,04602,Segue Institute for Learning,359,40,40,39,39,40,41,42,38,0,0,0,0,40,0,0,0,,,12,332,,,15,175,,184,333,151,45,
46,Segue Institute for Learning,46602,Segue Institute for Learning - Legacy High School,55,0,0,0,0,0,0,0,0,55,0,0,0,0,0,0,0,,,10,42,,,,29,,26,49,27,,
47,"Blackstone Valley Prep, A RI Mayoral Academy",08601,Blackstone Valley Prep Elementary School,422,85,86,84,81,0,0,0,0,0,0,0,0,86,0,0,0,,12,167,,,,241,206,,215,357,112,86,
47,"Blackstone Valley Prep, A RI Mayoral Academy",08602,Blackstone Valley Prep Junior High School,323,0,0,0,0,0,0,168,155,0,0,0,0,0,0,0,0,,,99,,,,209,166,,157,260,20,63,
47,"Blackstone Valley Prep, A RI Mayoral Academy",08603,Blackstone Valley Prep Elementary 2 School,426,87,87,82,82,0,0,0,0,0,0,0,0,88,0,0,0,,25,147,,,11,238,213,,213,339,117,73,
47,"Blackstone Valley Prep, A RI Mayoral Academy",08604,Blackstone Valley Prep High School,405,0,0,0,0,0,0,0,0,120,90,97,98,0,0,0,0,,,96,,,,290,199,,206,299,32,63,
47,"Blackstone Valley Prep, A RI Mayoral Academy",08605,Blackstone Valley Prep Elementary 3 School,280,56,58,55,54,0,0,0,0,0,0,0,0,57,0,0,0,,11,104,,,,155,141,,138,231,72,52,
47,"Blackstone Valley Prep, A RI Mayoral Academy",08606,Blackstone Valley Prep Upper Elementary School,380,0,0,0,0,201,179,0,0,0,0,0,0,0,0,0,0,,19,124,,,,229,207,,173,281,61,63,
47,"Blackstone Valley Prep, A RI Mayoral Academy",47190,Blackstone Valley Prep Admin School,17,0,1,1,2,1,2,2,0,1,6,0,1,0,0,0,0,,,,,,,11,,,11,12,,16,
48,Highlander,48190,Highlander Admin School,8,0,0,1,0,0,0,1,3,0,0,1,2,0,0,0,0,,,,,,,,,,,,,,
48,Highlander,48601,Highlander Elementary Charter School,269,34,36,36,35,36,36,0,0,0,0,0,0,32,0,24,0,,,74,132,,,48,143,,126,227,76,36,
48,Highlander,48602,Highlander Secondary Charter School,340,0,0,0,0,0,0,56,66,44,61,65,48,0,0,0,0,12,,86,179,10,,52,170,,169,297,111,61,
49,Urban Collaborative,28167,Urban Collaborative Accelerated Program,145,0,0,0,0,0,0,66,79,0,0,0,0,0,0,0,0,,,30,95,,,,87,,58,145,30,20,
50,R.I. Sch for the Deaf,28702,Rhode Island School for the Deaf,77,7,3,5,8,6,5,4,4,4,4,11,7,2,0,7,0,,,11,36,,,22,32,,45,57,17,72,
51,Paul Cuffee Charter Sch,51190,Paul Cuffee Admin School,2,0,0,0,0,0,0,0,0,0,0,0,2,0,0,0,0,,,,,,,,,,,,,,
51,Paul Cuffee Charter Sch,51601,Paul Cuffee Lower School,358,60,60,59,60,60,0,0,0,0,0,0,0,59,0,0,0,,,65,250,15,,14,184,,174,309,88,32,
51,Paul Cuffee Charter Sch,51602,Paul Cuffee Middle School,189,0,0,0,0,0,63,63,63,0,0,0,0,0,0,0,0,,,28,143,12,,,100,,89,170,35,25,
51,Paul Cuffee Charter Sch,51603,Paul Cuffee Upper School,243,0,0,0,0,0,0,0,0,62,62,63,56,0,0,0,0,,,53,177,,,,127,,116,220,63,41,
52,Kingston Hill Academy,32601,Kingston Hill Academy,260,46,46,46,43,34,0,0,0,0,0,0,0,45,0,0,0,,11,,25,18,,197,126,,134,49,,48,
53,International Charter,26601,International Charter School,377,65,65,62,61,58,0,0,0,0,0,0,0,66,0,0,0,,,52,251,15,,56,201,,176,250,124,35,
54,Blackstone Academy,26602,Blackstone Academy Charter School,357,0,0,0,0,0,0,0,0,86,88,91,92,0,0,0,0,,,72,229,23,,26,177,,180,290,81,60,
55,The Compass School,23601,The Compass School,217,19,20,21,20,30,29,30,30,0,0,0,0,18,0,0,0,,,,17,10,,185,100,,116,39,,43,
58,Beacon Charter School,39601,BEACON Charter School,203,0,0,0,0,0,0,0,0,57,50,52,44,0,0,0,0,,,13,59,21,,107,122,,81,134,12,37,
58,Beacon Charter School,39603,Founders Academy,158,0,0,0,0,0,51,56,51,0,0,0,0,0,0,0,0,,,14,61,18,,63,80,,78,111,12,30,
58,Beacon Charter School,58190,Beacon Admin School,2,0,0,0,0,0,0,0,0,0,1,0,1,0,0,0,0,,,,,,,,,,,,,,
59,Learning Community,04601,The Learning Community Charter School,569,66,64,63,63,62,65,66,59,0,0,0,0,61,0,0,0,,,80,459,,,23,278,,291,510,255,94,
59,Learning Community,59190,Learning Community Admin School,3,0,0,1,0,0,1,0,1,0,0,0,0,0,0,0,0,,,,,,,,,,,,,,
60,MET Career and Tech,28703,Metropolitan Regional Career and Technical Center,817,0,0,0,0,0,0,0,0,189,186,217,225,0,0,0,0,,14,143,452,,,194,438,,376,587,127,119,586
61,Trinity Academy for the Performing Arts,28606,Trinity Academy for the Performing Arts,234,0,0,0,0,30,0,39,38,29,36,34,28,0,0,0,0,,,34,179,,,,130,,101,190,82,37,
62,The Greene School,62190,Greene Admin School,1,0,0,0,0,0,0,0,0,0,0,1,0,0,0,0,0,,,,,,,,,,,,,,
62,The Greene School,97601,The Greene School,189,0,0,0,0,0,0,0,0,50,51,49,39,0,0,0,0,,,22,47,,,116,92,,97,86,,38,
63,Rhode Island Nurses Institute Middle College,28607,RI Nurses Institute Middle College Charter High Sc,462,0,0,0,0,0,0,0,0,157,99,105,101,0,0,0,0,,,101,309,20,,19,426,,36,389,121,32,364
64,Village Green Virtual,28608,Village Green Virtual Charter School,203,0,0,0,0,0,0,0,0,46,51,52,54,0,0,0,0,,,52,124,14,,10,110,,93,200,27,39,
68,The Hope Academy,28613,The Hope Academy,320,36,36,36,36,35,36,34,35,0,0,0,0,36,0,0,0,,,56,229,,,21,167,,153,258,89,58,
68,The Hope Academy,68190,The Hope Academy Admin,2,0,0,0,0,1,0,1,0,0,0,0,0,0,0,0,0,,,,,,,,,,,,,,
69,Nuestro Mundo Public Charter,69601,Nuestro Mundo Public Charter School,292,46,46,47,48,0,24,21,19,0,0,0,0,41,0,0,0,,,,259,,,21,164,,128,249,137,18,
79,RISE Prep Academies,39602,RISE Prep Lower Academy School,573,92,56,61,58,60,60,51,49,0,0,0,0,86,0,0,0,,30,37,192,85,,224,273,,300,384,62,94,
79,RISE Prep Academies,79601,RISE Prep Upper Academy School,62,0,0,0,0,0,0,0,0,62,0,0,0,0,0,0,0,,,,25,,,18,28,,34,51,,13,
81,Charette Charter,81601,Charette Charter School,168,0,0,0,0,0,0,0,0,46,42,37,43,0,0,0,0,,,54,109,,,,81,,87,148,41,16,
83,Providence Preparatory Charter,83601,Providence Preparatory Charter School,244,0,0,0,0,46,70,65,63,0,0,0,0,0,0,0,0,,,66,154,,,14,110,,134,243,52,27,
84,Excel Academy Rhode Island,84190,Excel Academy Rhode Island Admin,1,0,0,0,0,0,1,0,0,0,0,0,0,0,0,0,0,,,,,,,,,,,,,,
84,Excel Academy Rhode Island,84601,Excel Academy Rhode Island school,312,0,0,0,0,90,109,113,0,0,0,0,0,0,0,0,0,,,59,229,,,10,154,,158,249,72,20,
85,YouthBuild Preparatory Academy,85190,YouthBuild Preparatory Academy Admin,1,0,0,0,0,0,0,0,0,0,0,1,0,0,0,0,0,,,,,,,,,,,,,,
85,YouthBuild Preparatory Academy,85701,YouthBuild Preparatory Academy School,115,0,0,0,0,0,0,0,0,19,41,38,17,0,0,0,0,,,36,74,,,,48,,67,91,19,20,
96,Bristol Warren,96104,Guiteras School,123,0,32,31,28,32,0,0,0,0,0,0,0,0,0,0,0,,,,15,,,97,51,,72,50,,27,
96,Bristol Warren,96105,Colt Andrews School,307,67,45,49,45,45,0,0,0,0,0,0,0,56,0,0,0,,,,32,21,,248,161,,146,148,,69,
96,Bristol Warren,96106,Rockwell School,260,44,47,48,36,47,0,0,0,0,0,0,0,38,0,0,0,,,,14,15,,229,121,,139,46,,50,
96,Bristol Warren,96107,Mt. Hope High School,787,0,0,0,0,0,0,0,0,203,195,208,181,0,0,0,0,,15,14,58,37,,663,363,,418,315,18,116,217
96,Bristol Warren,96112,Kickemuit Middle School,633,0,0,0,0,0,212,214,207,0,0,0,0,0,0,0,0,,,11,46,46,,526,308,,322,248,12,97,
96,Bristol Warren,96113,Hugh Cole School,517,76,87,70,74,78,0,0,0,0,0,0,0,73,0,2,57,,,11,55,48,,400,262,,254,236,20,116,
96,Bristol Warren,96190,Bristol Warren  Public Schools,66,1,0,4,2,3,4,6,5,2,4,9,26,0,0,0,0,,,,,,,53,19,,47,44,,50,
97,Exeter-West Greenwich,97101,Wawaloam School,215,110,0,0,0,0,0,0,0,0,0,0,0,105,0,0,0,,,,17,10,,178,98,,117,42,,24,
97,Exeter-West Greenwich,97102,Mildred E. Lineham School,84,0,0,0,0,0,0,0,0,0,0,0,0,0,0,46,38,,,,,,,72,36,,48,15,,24,
97,Exeter-West Greenwich,97103,Metcalf School,522,0,90,100,111,109,112,0,0,0,0,0,0,0,0,0,0,,,,34,21,,454,249,,273,131,,72,
97,Exeter-West Greenwich,97105,Exeter-West Greenwich Regional  Junior High,256,0,0,0,0,0,0,133,123,0,0,0,0,0,0,0,0,,,,21,,,221,121,,135,48,,20,
97,Exeter-West Greenwich,97106,Exeter-West Greenwich Regional High School,452,0,0,0,0,0,0,0,0,136,110,107,99,0,0,0,0,,12,11,31,,,392,227,,225,105,,47,80
97,Exeter-West Greenwich,97190,Exeter-W. Greenwich Schools,15,1,0,0,0,2,0,1,0,1,2,2,6,0,0,0,0,,,,,,,13,,,10,,,13,
98,Chariho,98101,Chariho Regional High School,991,0,0,0,0,0,0,0,0,255,271,245,220,0,0,0,0,,,,46,38,,890,482,,509,271,,116,582
98,Chariho,98103,Chariho Regional Middle School,834,0,0,0,0,219,200,201,214,0,0,0,0,0,0,0,0,15,,,24,42,,746,429,,405,252,,109,
98,Chariho,98104,Charlestown Elementary School,246,44,44,70,33,0,0,0,0,0,0,0,0,55,0,0,0,,,,14,11,,209,114,,132,77,,50,
98,Chariho,98105,Richmond Elementary School,371,74,72,77,63,0,0,0,0,0,0,0,0,85,0,0,0,,,,23,17,,318,194,,177,116,,69,
98,Chariho,98106,Ashaway Elementary School,212,42,38,44,45,0,0,0,0,0,0,0,0,43,0,0,0,,,,,,,192,107,,105,75,,44,
98,Chariho,98107,Hope Valley Elementary School,129,27,36,35,31,0,0,0,0,0,0,0,0,0,0,0,0,,,,,,,112,53,,76,42,,30,
98,Chariho,98108,Chariho Alternative Learning Academy,71,3,0,5,2,2,3,5,9,6,7,15,14,0,0,0,0,,,,,,,57,16,,55,46,,41,19
98,Chariho,98109,Hope Valley Elementary School Annex,97,0,0,0,0,0,0,0,0,0,0,0,0,0,0,0,97,,,,,,,92,42,,55,27,,50,
98,Chariho,98190,Chariho Regional District,15,0,0,1,0,0,0,0,4,0,3,3,4,0,0,0,0,,,,,,,12,,,10,11,,10,
99.00,Foster-Glocester,"99,101.00",Ponaganset Middle School,396,0,0,0,0,0,128,135,133,0,0,0,0,0,0,0,0,,,,18,12,,360,191,,205,100,,56,
99.00,Foster-Glocester,"99,102.00",Ponaganset High School,869,0,0,0,0,0,0,0,0,217,210,200,242,0,0,0,0,,,,51,34,,770,437,,430,209,,73,459
99.00,Foster-Glocester,"99,190.00",Foster-Glocester Schools,8,0,0,0,0,0,1,2,0,1,1,0,3,0,0,0,0,,,,,,,,,,,,,,
,,,,,,,,,,,,,,,,,,,,,,,,,,,,,,,,,,
,,,,,,,,,,,,,,,,,,,,,,,,,,,,,,,,,,
,,,,135978,,,,,,,,,,,,,,,,,,,,,,,,,,,,,,
,,,,,,,,,,,,,,,,,,,,,,,,,,,,,,,,,,
,,,,,,,,,,,,,,,,,,,,,,,,,,,,,,,,,,
,,,,,,,,,,,,,,,,,,,,,,,,,,,,,,,,,,
,,,,,,,,,,,,,,,,,,,,,,,,,,,,,,,,,,
,,,,,,,,,,,,,,,,,,,,,,,,,,,,,,,,,,
,,,,,,,,,,,,,,,,,,,,,,,,,,,,,,,,,,
,,,,,,,,,,,,,,,,,,,,,,,,,,,,,,,,,,
,,,,,,,,,,,,,,,,,,,,,,,,,,,,,,,,,,
,,,,,,,,,,,,,,,,,,,,,,,,,,,,,,,,,,
,,,,,,,,,,,,,,,,,,,,,,,,,,,,,,,,,,
,,,,,,,,,,,,,,,,,,,,,,,,,,,,,,,,,,
,,,,,,,,,,,,,,,,,,,,,,,,,,,,,,,,,,
,,,,,,,,,,,,,,,,,,,,,,,,,,,,,,,,,,
,,,,,,,,,,,,,,,,,,,,,,,,,,,,,,,,,,
,,,,,,,,,,,,,,,,,,,,,,,,,,,,,,,,,,
,,,,,,,,,,,,,,,,,,,,,,,,,,,,,,,,,,
,,,,,,,,,,,,,,,,,,,,,,,,,,,,,,,,,,
,,,,,,,,,,,,,,,,,,,,,,,,,,,,,,,,,,
,,,,,,,,,,,,,,,,,,,,,,,,,,,,,,,,,,
,,,,,,,,,,,,,,,,,,,,,,,,,,,,,,,,,,
,,,,,,,,,,,,,,,,,,,,,,,,,,,,,,,,,,
,,,,,,,,,,,,,,,,,,,,,,,,,,,,,,,,,,
,,,,,,,,,,,,,,,,,,,,,,,,,,,,,,,,,,
,,,,,,,,,,,,,,,,,,,,,,,,,,,,,,,,,,
,,,,,,,,,,,,,,,,,,,,,,,,,,,,,,,,,,
,,,,,,,,,,,,,,,,,,,,,,,,,,,,,,,,,,
,,,,,,,,,,,,,,,,,,,,,,,,,,,,,,,,,,
,,,,,,,,,,,,,,,,,,,,,,,,,,,,,,,,,,
,,,,,,,,,,,,,,,,,,,,,,,,,,,,,,,,,,
,,,,,,,,,,,,,,,,,,,,,,,,,,,,,,,,,,
,,,,,,,,,,,,,,,,,,,,,,,,,,,,,,,,,,
,,,,,,,,,,,,,,,,,,,,,,,,,,,,,,,,,,
,,,,,,,,,,,,,,,,,,,,,,,,,,,,,,,,,,
,,,,,,,,,,,,,,,,,,,,,,,,,,,,,,,,,,
,,,,,,,,,,,,,,,,,,,,,,,,,,,,,,,,,,
,,,,,,,,,,,,,,,,,,,,,,,,,,,,,,,,,,
,,,,,,,,,,,,,,,,,,,,,,,,,,,,,,,,,,
,,,,,,,,,,,,,,,,,,,,,,,,,,,,,,,,,,
,,,,,,,,,,,,,,,,,,,,,,,,,,,,,,,,,,
,,,,,,,,,,,,,,,,,,,,,,,,,,,,,,,,,,
,,,,,,,,,,,,,,,,,,,,,,,,,,,,,,,,,,
,,,,,,,,,,,,,,,,,,,,,,,,,,,,,,,,,,
,,,,,,,,,,,,,,,,,,,,,,,,,,,,,,,,,,
,,,,,,,,,,,,,,,,,,,,,,,,,,,,,,,,,,
,,,,,,,,,,,,,,,,,,,,,,,,,,,,,,,,,,
,,,,,,,,,,,,,,,,,,,,,,,,,,,,,,,,,,
,,,,,,,,,,,,,,,,,,,,,,,,,,,,,,,,,,
,,,,,,,,,,,,,,,,,,,,,,,,,,,,,,,,,,
,,,,,,,,,,,,,,,,,,,,,,,,,,,,,,,,,,
,,,,,,,,,,,,,,,,,,,,,,,,,,,,,,,,,,
,,,,,,,,,,,,,,,,,,,,,,,,,,,,,,,,,,
,,,,,,,,,,,,,,,,,,,,,,,,,,,,,,,,,,
,,,,,,,,,,,,,,,,,,,,,,,,,,,,,,,,,,
,,,,,,,,,,,,,,,,,,,,,,,,,,,,,,,,,,
,,,,,,,,,,,,,,,,,,,,,,,,,,,,,,,,,,
,,,,,,,,,,,,,,,,,,,,,,,,,,,,,,,,,,
,,,,,,,,,,,,,,,,,,,,,,,,,,,,,,,,,,
,,,,,,,,,,,,,,,,,,,,,,,,,,,,,,,,,,
,,,,,,,,,,,,,,,,,,,,,,,,,,,,,,,,,,
,,,,,,,,,,,,,,,,,,,,,,,,,,,,,,,,,,
,,,,,,,,,,,,,,,,,,,,,,,,,,,,,,,,,,
,,,,,,,,,,,,,,,,,,,,,,,,,,,,,,,,,,
,,,,,,,,,,,,,,,,,,,,,,,,,,,,,,,,,,
,,,,,,,,,,,,,,,,,,,,,,,,,,,,,,,,,,
